type	chrom	pos	ref	alt	gene	transcript	psyntax	csyntax
SNV	chr4	54729437	C	A	KIT	ENST00000288135	p.A698E	c.2093C>A
SNV	chr7	116739978	C	T	MET	ENST00000397752	p.T474I	c.1421C>T
SNV	chr9	8499717	T	A	PTPRD	ENST00000381196	p.Y751F	c.2252A>T
INDEL	chr13	32337239	CATATAAAAATGACTCTAGGTCAAG	C	BRCA2	ENST00000380152	p.I963_D970del	c.2887_2910del
SNV	chr17	7674220	C	T	TP53	ENST00000269305	p.R248Q	c.743G>A
INDEL	chr17	43091462	CTTGA	C	BRCA1	ENST00000357654	p.N1355Kfs*10	c.4065_4068del
SNV	chr22	29642262	G	C	NF2	ENST00000338641	p.A142P	c.424G>C
SNV	chr1	26772633	G	A	ARID1A	ENST00000324856	splice_donor_variant	c.3539+1G>A
SNV	chr1	26779833	A	T	ARID1A	ENST00000324856	p.K1979*	c.5935A>T
SNV	chr1	114713908	T	C	NRAS	ENST00000369535	p.Q61R	c.182A>G
SNV	chr3	179210279	C	T	PIK3CA	ENST00000263967	p.P449S	c.1345C>T
SNV	chr5	112841454	T	G	APC	ENST00000257430	p.F1954V	c.5860T>G
SNV	chr10	43112931	A	G	RET	ENST00000355710	p.Q576R	c.1727A>G
SNV	chr10	87933148	G	T	PTEN	ENST00000371953	p.R130L	c.389G>T
SNV	chr10	87952260	G	A	PTEN	ENST00000371953	splice_donor_variant	c.634+1G>A
INDEL	chr12	49051176	T	TG	KMT2D	ENST00000301067	p.Q836Pfs*3	c.2506dup
INDEL	chr16	23635706	GT	G	PALB2	ENST00000261584	p.N280Tfs*8	c.839del
SNV	chr19	11010433	C	T	SMARCA4	ENST00000344626	p.R726C	c.2176C>T
INDEL	chrX	49030440	TC	T	TFE3	ENST00000315869	p.G482Dfs*44	c.1445del
INDEL	chrX	67545385	A	AGC	AR	ENST00000374690	p.E81Qfs*95	c.239_240insGC
SNV	chr5	236534	C	T	SDHA	ENST00000264932	p.S456L	c.1367C>T
SNV	chr6	117318236	G	A	ROS1	ENST00000368508	p.S1986F	c.5957C>T
SNV	chr10	43102404	G	T	RET	ENST00000355710	p.E134*	c.400G>T
SNV	chr12	49026272	T	C	KMT2D	ENST00000301067	p.I5232V	c.15694A>G
SNV	chr22	29668366	T	A	NF2	ENST00000338641	p.F307I	c.919T>A
SNV	chr4	105236640	A	C	TET2	ENST00000380013	p.K900Q	c.2698A>C
SNV	chr7	55191822	T	G	EGFR	ENST00000275493	p.L858R	c.2573T>G
SNV	chr7	55191828	A	T	EGFR	ENST00000275493	p.K860I	c.2579A>T
SNV	chr16	23629865	C	G	PALB2	ENST00000261584	p.L763F	c.2289G>C
SNV	chr17	65056434	G	T	GNA13	ENST00000439174	p.L54M	c.160C>A
SNV	chr22	41131460	A	G	EP300	ENST00000263253	p.N452S	c.1355A>G
INDEL	chr1	26774875	A	AC	ARID1A	ENST00000324856	p.R1551Tfs*21	c.4649dup
SNV	chr3	179218303	G	A	PIK3CA	ENST00000263967	p.E545K	c.1633G>A
SNV	chr3	179234149	T	G	PIK3CA	ENST00000263967	p.F998V	c.2992T>G
SNV	chr6	127150535	G	T	RSPO3	ENST00000356698	p.L133F	c.399G>T
INDEL	chr6	134173274	CTCTT	C	SGK1	ENST00000367858	p.K233Rfs*13	c.698_701del
INDEL	chr7	55181320	A	AACC	EGFR	ENST00000275493	p.N771_P772insH	c.2312_2314dup
SNV	chr10	87961095	C	T	PTEN	ENST00000371953	p.R335*	c.1003C>T
SNV	chrX	47571437	G	A	ARAF	ENST00000377045	p.A601T	c.1801G>A
SNV	chr1	26771118	G	A	ARID1A	ENST00000324856	splice_acceptor_variant	c.3199-1G>A
INDEL	chr3	41224613	GAAT	A	CTNNB1	ENST00000349496	p.G34_I35delinsD	c.101_104delinsA
SNV	chr6	152094402	T	C	ESR1	ENST00000206249	p.S463P	c.1387T>C
SNV	chr15	90102329	C	G	IDH2	ENST00000330062	p.W21S	c.62G>C
SNV	chr1	226634700	C	T	ITPKB	ENST00000429204	p.E938K	c.2812G>A
SNV	chr1	226737088	G	A	ITPKB	ENST00000429204	p.P124L	c.371C>T
SNV	chr2	29920044	C	T	ALK	ENST00000389048	p.A206T	c.616G>A
SNV	chr3	37028933	G	C	MLH1	ENST00000231790	splice_donor_variant	c.1558+1G>C
INDEL	chr3	37048605	CTGAGGTCAG	C	MLH1	ENST00000231790	splice_donor_variant	c.1989_1989+8del
SNV	chr4	105272732	C	T	TET2	ENST00000380013	p.R1451W	c.4351C>T
SNV	chr4	105276395	C	T	TET2	ENST00000380013	p.P1962L	c.5885C>T
SNV	chr5	112828889	C	T	APC	ENST00000257430	p.R554*	c.1660C>T
INDEL	chr5	112840254	G	GA	APC	ENST00000257430	p.T1556Nfs*3	c.4666dup
SNV	chr6	41936044	AG	CA	CCND3	ENST00000372991	p.S259A	c.774_775delinsTG
SNV	chr6	117311039	G	A	ROS1	ENST00000368508	p.R2072W	c.6214C>T
SNV	chr7	2917330	C	T	CARD11	ENST00000396946	p.R888H	c.2663G>A
SNV	chr7	5987179	G	A	PMS2	ENST00000265849	p.S529L	c.1586C>T
SNV	chr7	140807973	G	A	BRAF	ENST00000646891	p.T233I	c.698C>T
SNV	chr9	136506722	G	A	NOTCH1	ENST00000651671	p.H1299Y	c.3895C>T
INDEL	chr15	44711582	ACT	A	B2M	ENST00000648006	p.L15Ffs*41	c.43_44del
INDEL	chr15	44715698	T	TG	B2M	ENST00000648006	frameshift_variant	c.346+1dup
SNV	chr16	2079418	C	T	TSC2	ENST00000219476	p.P1092S	c.3274C>T
SNV	chr16	3770601	G	A	CREBBP	ENST00000262367	p.T950M	c.2849C>T
SNV	chr16	89799633	CGT	AGC	FANCA	ENST00000389301	p.T266A	c.796_798delinsGCT
INDEL	chr17	31225125	CT	C	NF1	ENST00000358273	p.Y628Tfs*3	c.1882del
INDEL	chr17	31226459	A	AC	NF1	ENST00000358273	p.I679Dfs*21	c.2033dup
INDEL	chr17	39727964	CG	C	ERBB2	ENST00000269571	p.A1232Lfs*70	c.3694del
INDEL	chr17	61784414	GA	G	BRIP1	ENST00000259008	p.S495Lfs*31	c.1483del
INDEL	chr19	1221314	GC	G	STK11	ENST00000326873	p.P281Rfs*6	c.842del
SNV	chr19	11021879	T	G	SMARCA4	ENST00000344626	p.L924R	c.2771T>G
SNV	chr19	19146567	C	T	MEF2B	ENST00000424583	p.G253R	c.757G>A
SNV	chr19	42287650	G	A	CIC	ENST00000575354	p.V230I	c.688G>A
INDEL	chr19	42293223	GC	G	CIC	ENST00000575354	p.P1248Hfs*54	c.3743del
INDEL	chrX	47567015	AC	A	ARAF	ENST00000377045	p.R255Gfs*37	c.763del
SNV	chr4	54285926	A	T	PDGFRA	ENST00000257290	p.D842V	c.2525A>T
SNV	chr13	32370456	C	T	BRCA2	ENST00000380152	p.P2796S	c.8386C>T
SNV	chr1	77964941	T	A	FUBP1	ENST00000370768	p.I222F	c.664A>T
SNV	chr4	1804372	A	G	FGFR3	ENST00000440486	p.Y373C	c.1118A>G
SNV	chr5	1295113	G	A	TERT	ENST00000310581	upstream_gene_variant	c.-124C>T
INDEL	chr12	49024882	GAGTCGCAGCATGTCAGC	G	KMT2D	ENST00000301067	p.A5278Lfs*3	c.15832_15848del
SNV	chr17	7674191	CC	AA	TP53	ENST00000269305	p.E258*	c.771_772delinsTT
SNV	chr9	95458052	G	C	PTCH1	ENST00000331920	p.C1043W	c.3129C>G
SNV	chr16	2079583	A	G	TSC2	ENST00000219476	p.Q1104R	c.3311A>G
SNV	chr17	43094276	C	T	BRCA1	ENST00000357654	p.V419I	c.1255G>A
SNV	chr19	50413833	G	T	POLD1	ENST00000440232	p.W781L	c.2342G>T
SNV	chr4	54727447	T	A	KIT	ENST00000288135	p.V560D	c.1679T>A
INDEL	chr1	2560657	GCC	G	TNFRSF14	ENST00000355716	p.P167Gfs*66	c.499_500del
SNV	chr7	148811635	T	A	EZH2	ENST00000320356	p.Y646F	c.1937A>T
INDEL	chr12	49040778	AG	A	KMT2D	ENST00000301067	p.L2331*	c.6991del
SNV	chr12	49051177	G	T	KMT2D	ENST00000301067	p.Q836K	c.2506C>A
SNV	chr12	49051662	G	A	KMT2D	ENST00000301067	p.P674L	c.2021C>T
INDEL	chr12	49052990	CAG	C	KMT2D	ENST00000301067	p.C346Sfs*17	c.1035_1036del
SNV	chr12	57102879	C	T	STAT6	ENST00000300134	p.D419N	c.1255G>A
INDEL	chr16	3731322	AAGG	A	CREBBP	ENST00000262367	p.S1680del	c.5039_5041del
SNV	chr18	63318462	T	C	BCL2	ENST00000333681	p.T69A	c.205A>G
SNV	chr19	1615749	G	A	TCF3	ENST00000262965	p.T508M	c.1523C>T
SNV	chr1	26732713	C	G	ARID1A	ENST00000324856	p.S614*	c.1841C>G
SNV	chr2	113220116	G	A	PAX8	ENST00000429538	p.R418C	c.1252C>T
SNV	chr3	12584624	G	C	RAF1	ENST00000251849	p.L613V	c.1837C>G
SNV	chr13	48465328	G	T	RB1	ENST00000267163	p.E817*	c.2449G>T
INDEL	chr17	7674184	GAGTCTTCC	G	TP53	ENST00000269305	p.E258Qfs*3	c.771_778del
INDEL	chr1	26773382	GC	G	ARID1A	ENST00000324856	p.N1253Tfs*16	c.3756del
INDEL	chr1	26779439	T	TG	ARID1A	ENST00000324856	p.D1850Gfs*4	c.5548dup
INDEL	chr2	208251538	A	AT	IDH1	ENST00000345146	p.I5Nfs*13	c.13dup
SNV	chr3	10141968	G	A	VHL	ENST00000256474	p.E41K	c.121G>A
SNV	chr4	1801711	G	A	FGFR3	ENST00000440486	p.S236N	c.707G>A
SNV	chr4	105235155	C	T	TET2	ENST00000380013	p.L405F	c.1213C>T
INDEL	chr6	41685001	C	CT	TFEB	ENST00000373033	p.Q344Afs*9	c.1028dup
INDEL	chr6	137877137	CT	C	TNFAIP3	ENST00000612899	p.L291*	c.872del
INDEL	chr9	95508247	GC	G	PTCH1	ENST00000331920	p.L39Cfs*41	c.114del
SNV	chr9	132902745	T	G	TSC1	ENST00000298552	p.K751Q	c.2251A>C
INDEL	chr12	49049728	T	TC	KMT2D	ENST00000301067	p.E1287Gfs*38	c.3859dup
SNV	chr17	39723405	G	A	ERBB2	ENST00000269571	p.R678Q	c.2033G>A
INDEL	chr19	19146322	AG	A	MEF2B	ENST00000424583	p.W278Gfs*126	c.831del
INDEL	chr1	26697277	AC	A	ARID1A	ENST00000324856	p.T294Pfs*69	c.879del
SNV	chr1	26771141	G	A	ARID1A	ENST00000324856	p.R1074Q	c.3221G>A
SNV	chr1	120005514	C	A	NOTCH2	ENST00000256646	p.G77V	c.230G>T
SNV	chr1	226736663	G	A	ITPKB	ENST00000429204	p.R266C	c.796C>T
SNV	chr2	15945559	G	A	MYCN	ENST00000281043	p.R286H	c.857G>A
INDEL	chr2	15945971	GA	G	MYCN	ENST00000281043	p.K425Rfs*31	c.1274del
SNV	chr2	25241632	G	A	DNMT3A	ENST00000321117	p.T671M	c.2012C>T
SNV	chr2	47416366	G	A	MSH2	ENST00000233146	p.G338E	c.1013G>A
SNV	chr2	47476399	C	T	MSH2	ENST00000233146	p.R680*	c.2038C>T
SNV	chr2	113227235	G	A	PAX8	ENST00000429538	p.T370M	c.1109C>T
SNV	chr3	52402359	C	T	BAP1	ENST00000460680	p.G707S	c.2119G>A
SNV	chr7	5987068	G	T	PMS2	ENST00000265849	p.P566H	c.1697C>A
INDEL	chr9	21971186	C	CG	CDKN2A	ENST00000304494	p.R58Pfs*62	c.172dup
SNV	chr9	21971187	G	A	CDKN2A	ENST00000304494	p.R58*	c.172C>T
SNV	chr11	108307953	G	A	ATM	ENST00000675843	p.A1911T	c.5731G>A
SNV	chr12	49034201	G	A	KMT2D	ENST00000301067	p.R3536C	c.10606C>T
INDEL	chr12	49040708	AG	A	KMT2D	ENST00000301067	p.P2354Lfs*30	c.7061del
SNV	chr12	132672722	C	T	POLE	ENST00000320574	p.G531R	c.1591G>A
SNV	chr12	132681242	G	A	POLE	ENST00000320574	p.R34C	c.100C>T
SNV	chr16	3778767	C	T	CREBBP	ENST00000262367	p.R625H	c.1874G>A
INDEL	chr16	3810691	TG	T	CREBBP	ENST00000262367	p.Q296Sfs*2	c.886del
SNV	chr22	41146786	C	T	EP300	ENST00000263253	p.Q701*	c.2101C>T
SNV	chr1	26774644	C	T	ARID1A	ENST00000324856	p.Q1473*	c.4417C>T
SNV	chr6	152011733	G	A	ESR1	ENST00000206249	p.V392I	c.1174G>A
SNV	chr12	49030704	A	G	KMT2D	ENST00000301067	p.F4579S	c.13736T>C
SNV	chr15	66435117	G	T	MAP2K1	ENST00000307102	p.K57N	c.171G>T
INDEL	chr16	68811788	GA	G	CDH1	ENST00000261769	p.D313Afs*43	c.938del
SNV	chr17	7673707	T	A	TP53	ENST00000269305	p.K305*	c.913A>T
SNV	chr1	26779873	C	T	ARID1A	ENST00000324856	p.S1992L	c.5975C>T
SNV	chr2	15942755	G	T	MYCN	ENST00000281043	p.A231S	c.691G>T
SNV	chr3	41224622	C	G	CTNNB1	ENST00000349496	p.S37C	c.110C>G
SNV	chr6	137871442	A	G	TNFAIP3	ENST00000612899	p.N72S	c.215A>G
SNV	chr6	152098788	A	C	ESR1	ENST00000206249	p.Y537S	c.1610A>C
SNV	chr10	87952226	G	T	PTEN	ENST00000371953	p.E201*	c.601G>T
SNV	chr10	87957973	A	G	PTEN	ENST00000371953	p.D252G	c.755A>G
SNV	chr11	108227781	A	T	ATM	ENST00000675843	p.E26D	c.78A>T
INDEL	chr17	43124027	ACT	A	BRCA1	ENST00000357654	p.E23Vfs*17	c.68_69del
SNV	chr1	26763239	G	T	ARID1A	ENST00000324856	p.E896*	c.2686G>T
SNV	chr1	26779923	C	T	ARID1A	ENST00000324856	p.L2009F	c.6025C>T
SNV	chr1	77964073	G	A	FUBP1	ENST00000370768	p.R344*	c.1030C>T
SNV	chr1	77964127	T	C	FUBP1	ENST00000370768	p.T326A	c.976A>G
SNV	chr2	29193781	G	A	ALK	ENST00000389048	p.R1436C	c.4306C>T
SNV	chr2	47408540	G	A	MSH2	ENST00000233146	p.W117*	c.351G>A
SNV	chr2	47798707	A	C	MSH6	ENST00000234420	p.S242R	c.724A>C
SNV	chr2	47799467	G	A	MSH6	ENST00000234420	p.R495Q	c.1484G>A
SNV	chr2	47800105	G	T	MSH6	ENST00000234420	p.E708*	c.2122G>T
SNV	chr2	214780624	A	G	BARD1	ENST00000260947	p.L417S	c.1250T>C
SNV	chr3	41224607	A	C	CTNNB1	ENST00000349496	p.D32A	c.95A>C
SNV	chr3	41224981	G	A	CTNNB1	ENST00000349496	p.R90Q	c.269G>A
SNV	chr3	41227237	A	C	CTNNB1	ENST00000349496	p.Q322H	c.966A>C
SNV	chr3	49368513	T	G	RHOA	ENST00000418115	p.E64D	c.192A>C
SNV	chr3	179199088	G	A	PIK3CA	ENST00000263967	p.R88Q	c.263G>A
SNV	chr3	179204513	G	A	PIK3CA	ENST00000263967	p.R357Q	c.1070G>A
SNV	chr3	179234201	C	A	PIK3CA	ENST00000263967	p.S1015Y	c.3044C>A
SNV	chr4	54727469	T	G	KIT	ENST00000288135	p.N567K	c.1701T>G
SNV	chr4	54729385	T	G	KIT	ENST00000288135	p.F681V	c.2041T>G
SNV	chr4	105276124	C	T	TET2	ENST00000380013	p.L1872F	c.5614C>T
SNV	chr5	112801283	C	A	APC	ENST00000257430	p.S245*	c.734C>A
SNV	chr5	112841521	A	C	APC	ENST00000257430	p.D1976A	c.5927A>C
SNV	chr6	41937258	G	T	CCND3	ENST00000372991	p.T184N	c.551C>A
SNV	chr6	117342472	T	G	ROS1	ENST00000368508	p.K1533Q	c.4597A>C
SNV	chr6	117357964	C	T	ROS1	ENST00000368508	p.D1232N	c.3694G>A
SNV	chr6	117365075	G	A	ROS1	ENST00000368508	p.R1035*	c.3103C>T
SNV	chr6	152011760	A	G	ESR1	ENST00000206249	p.K401E	c.1201A>G
SNV	chr7	148829743	C	A	EZH2	ENST00000320356	p.V157L	c.469G>T
SNV	chr8	38415929	C	A	FGFR1	ENST00000447712	p.D599Y	c.1795G>T
SNV	chr9	8486198	G	T	PTPRD	ENST00000381196	p.F873L	c.2619C>A
SNV	chr9	132905866	T	C	TSC1	ENST00000298552	p.E571G	c.1712A>G
SNV	chr9	132911051	A	C	TSC1	ENST00000298552	p.N364K	c.1092T>G
SNV	chr10	43111366	C	T	RET	ENST00000355710	p.R475W	c.1423C>T
SNV	chr10	87933148	G	A	PTEN	ENST00000371953	p.R130Q	c.389G>A
SNV	chr10	121564532	C	A	FGFR2	ENST00000358487	p.D142Y	c.424G>T
SNV	chr11	108243960	C	A	ATM	ENST00000675843	p.F168L	c.504C>A
SNV	chr12	49022598	C	T	KMT2D	ENST00000301067	p.E5444K	c.16330G>A
SNV	chr12	132649775	G	A	POLE	ENST00000320574	p.R1233*	c.3697C>T
SNV	chr12	132673703	C	G	POLE	ENST00000320574	p.V411L	c.1231G>C
SNV	chr13	32337399	A	C	BRCA2	ENST00000380152	p.K1015T	c.3044A>C
SNV	chr13	32340928	A	C	BRCA2	ENST00000380152	p.K2191N	c.6573A>C
SNV	chr13	48367518	G	A	RB1	ENST00000267163	p.E322K	c.964G>A
SNV	chr13	48373494	T	C	RB1	ENST00000267163	splice_donor_variant	c.1215+2T>C
SNV	chr13	48381381	G	T	RB1	ENST00000267163	p.E545*	c.1633G>T
SNV	chr14	95126648	T	C	DICER1	ENST00000343455	p.N279D	c.835A>G
SNV	chr16	3744951	C	T	CREBBP	ENST00000262367	p.D1309N	c.3925G>A
SNV	chr16	3778174	A	C	CREBBP	ENST00000262367	p.Y650*	c.1950T>G
SNV	chr16	3793550	C	T	CREBBP	ENST00000262367	p.R351H	c.1052G>A
SNV	chr16	23635881	A	C	PALB2	ENST00000261584	p.L222*	c.665T>G
SNV	chr16	68815554	G	A	CDH1	ENST00000261769	p.V454I	c.1360G>A
SNV	chr16	68822082	G	A	CDH1	ENST00000261769	p.R598Q	c.1793G>A
SNV	chr16	81858274	G	T	PLCG2	ENST00000564138	p.E117*	c.349G>T
SNV	chr16	89799616	C	A	FANCA	ENST00000389301	p.R272I	c.815G>T
SNV	chr17	31163336	T	G	NF1	ENST00000358273	p.C147G	c.439T>G
SNV	chr17	31223548	A	C	NF1	ENST00000358273	p.K609T	c.1826A>C
SNV	chr17	31343133	A	C	NF1	ENST00000358273	p.K2396T	c.7187A>C
SNV	chr17	31350259	T	G	NF1	ENST00000358273	p.I2466M	c.7398T>G
SNV	chr17	42329611	T	G	STAT3	ENST00000264657	p.K392N	c.1176A>C
SNV	chr17	43076615	C	T	BRCA1	ENST00000357654	splice_acceptor_variant	c.4358-1G>A
SNV	chr17	61743040	A	C	BRIP1	ENST00000259008	p.I784M	c.2352T>G
SNV	chr17	63929230	T	C	CD79B	ENST00000006750	p.E229G	c.686A>G
SNV	chr19	10991153	C	T	SMARCA4	ENST00000344626	p.R417C	c.1249C>T
SNV	chr19	19145850	G	A	MEF2B	ENST00000424583	p.R352W	c.1054C>T
SNV	chrX	49040564	T	G	TFE3	ENST00000315869	p.N41H	c.121A>C
SNV	chrX	67722858	C	A	AR	ENST00000374690	p.F827L	c.2481C>A
SNV	chrX	77656585	C	T	ATRX	ENST00000373344	p.E1397K	c.4189G>A
SNV	chrX	77684409	C	T	ATRX	ENST00000373344	p.V283I	c.847G>A
SNV	chrX	77693873	T	G	ATRX	ENST00000373344	p.E145D	c.435A>C
SNV	chr16	3739726	T	G	CREBBP	ENST00000262367	splice_acceptor_variant	c.4134-2A>C
SNV	chr19	50402276	G	T	POLD1	ENST00000440232	p.A221S	c.661G>T
SNV	chr5	218362	G	C	SDHA	ENST00000264932	p.G3R	c.7G>C
SNV	chr7	116699182	C	T	MET	ENST00000397752	p.S33F	c.98C>T
SNV	chr7	140753336	A	T	BRAF	ENST00000646891	p.V600E	c.1799T>A
SNV	chr9	8331660	CC	TT	PTPRD	ENST00000381196	p.G1819K	c.5455_5456delinsAA
SNV	chr9	22006166	G	C	CDKN2B	ENST00000276925	p.L80V	c.238C>G
SNV	chr9	22006175	G	A	CDKN2B	ENST00000276925	p.P77S	c.229C>T
SNV	chr12	11885930	G	C	ETV6	ENST00000396373	p.R386T	c.1157G>C
SNV	chr15	66481792	GG	AA	MAP2K1	ENST00000307102	p.E203K	c.606_607delinsAA
SNV	chr16	81946201	G	A	PLCG2	ENST00000564138	p.G1170R	c.3508G>A
SNV	chr3	36993612	G	C	MLH1	ENST00000231790	p.G22A	c.65G>C
SNV	chr9	136504844	A	T	NOTCH1	ENST00000651671	p.I1616N	c.4847T>A
SNV	chr19	42287241	G	A	CIC	ENST00000575354	splice_donor_variant	c.452+1G>A
SNV	chr22	41151914	A	G	EP300	ENST00000263253	p.I967V	c.2899A>G
SNV	chr4	54727444	T	A	KIT	ENST00000288135	p.V559D	c.1676T>A
SNV	chr17	63930254	C	T	CD79B	ENST00000006750	p.E84K	c.250G>A
SNV	chr2	197423957	G	A	SF3B1	ENST00000335508	p.R16*	c.46C>T
SNV	chr3	12609313	T	C	RAF1	ENST00000251849	p.N115D	c.343A>G
SNV	chr6	137871301	C	T	TNFAIP3	ENST00000612899	p.T25I	c.74C>T
SNV	chr19	19147099	C	A	MEF2B	ENST00000424583	p.A160S	c.478G>T
INDEL	chr1	26697212	GCTTCGGGGCCATGGGGGGAGGCGGCCCCTCCGCGGCCGGCGGGGGAACTC	G	ARID1A	ENST00000324856	p.F271Pfs*112	c.811_860del
SNV	chr3	12611954	T	C	RAF1	ENST00000251849	p.K106E	c.316A>G
SNV	chr3	179218294	G	A	PIK3CA	ENST00000263967	p.E542K	c.1624G>A
SNV	chr13	48304049	G	A	RB1	ENST00000267163	p.R46K	c.137G>A
INDEL	chr13	48463745	C	CATGT	RB1	ENST00000267163	p.G710Vfs*12	c.2125_2128dup
SNV	chr17	7675064	G	C	TP53	ENST00000269305	p.S183*	c.548C>G
INDEL	chr17	35106373	ACAGCAGGCTCACCTGCTGGGC	A	RAD51D	ENST00000345365	splice_donor_variant	c.568_576+12del
INDEL	chr17	35118546	T	TCGTAGAGATCAGCGCCATTCACGGGGAAAGC	RAD51D	ENST00000345365	p.E73Gfs*8	c.187_217dup
SNV	chr17	42346604	G	A	STAT3	ENST00000264657	p.Q80*	c.238C>T
SNV	chr3	10142088	C	T	VHL	ENST00000256474	p.P81S	c.241C>T
SNV	chr16	2173810	C	T	TRAF7	ENST00000326181	p.A370V	c.1109C>T
INDEL	chr17	61776487	C	CA	BRIP1	ENST00000259008	p.E671*	c.2010dup
SNV	chr1	26697125	C	T	ARID1A	ENST00000324856	p.S241F	c.722C>T
SNV	chr1	26761012	C	T	ARID1A	ENST00000324856	p.R693*	c.2077C>T
INDEL	chr1	26762190	TC	T	ARID1A	ENST00000324856	p.Q766Sfs*67	c.2296del
SNV	chr1	119919437	G	A	NOTCH2	ENST00000256646	p.R1886C	c.5656C>T
INDEL	chr1	226736442	TG	T	ITPKB	ENST00000429204	p.P339Qfs*60	c.1016del
SNV	chr2	47475126	C	T	MSH2	ENST00000233146	p.R621*	c.1861C>T
SNV	chr2	47478368	C	A	MSH2	ENST00000233146	p.Y769*	c.2307C>A
SNV	chr3	49368531	C	A	RHOA	ENST00000418115	p.W58C	c.174G>T
SNV	chr3	179234297	A	G	PIK3CA	ENST00000263967	p.H1047R	c.3140A>G
SNV	chr4	1801641	C	A	FGFR3	ENST00000440486	p.L213M	c.637C>A
SNV	chr5	233594	C	T	SDHA	ENST00000264932	p.A338V	c.1013C>T
SNV	chr5	1260559	C	T	TERT	ENST00000310581	p.R962H	c.2885G>A
SNV	chr5	112819270	T	C	APC	ENST00000257430	p.I413T	c.1238T>C
INDEL	chr5	112837992	GT	G	APC	ENST00000257430	p.F801Lfs*19	c.2403del
SNV	chr6	151944179	G	A	ESR1	ENST00000206249	p.R256Q	c.767G>A
SNV	chr7	140794409	G	A	BRAF	ENST00000646891	p.R347*	c.1039C>T
INDEL	chr9	136496244	TG	T	NOTCH1	ENST00000651671	p.S2499Afs*90	c.7494del
SNV	chr10	43100681	G	A	RET	ENST00000355710	p.R99Q	c.296G>A
SNV	chr12	25245350	C	T	KRAS	ENST00000311936	p.G12D	c.35G>A
SNV	chr12	49027256	G	A	KMT2D	ENST00000301067	p.R4904*	c.14710C>T
INDEL	chr12	49040290	A	AC	KMT2D	ENST00000301067	p.F2494Vfs*12	c.7479dup
INDEL	chr12	57096925	AG	A	STAT6	ENST00000300134	p.L760Cfs*6	c.2278del
SNV	chr13	48465272	G	A	RB1	ENST00000267163	p.R798Q	c.2393G>A
SNV	chr14	95091086	G	T	DICER1	ENST00000343455	p.R1851S	c.5551C>A
INDEL	chr15	44715554	GA	G	B2M	ENST00000648006	p.V69Wfs*34	c.204del
SNV	chr16	89752172	C	T	FANCA	ENST00000389301	p.R1011H	c.3032G>A
SNV	chr17	43093786	G	A	BRCA1	ENST00000357654	p.T582M	c.1745C>T
SNV	chr19	50415539	G	A	POLD1	ENST00000440232	p.R889H	c.2666G>A
SNV	chr22	41177977	C	T	EP300	ENST00000263253	p.A2089V	c.6266C>T
SNV	chr1	26772852	G	T	ARID1A	ENST00000324856	p.G1194*	c.3580G>T
SNV	chr1	156880050	C	A	NTRK1	ENST00000524377	p.L700M	c.2098C>A
INDEL	chr3	37011856	TA	T	MLH1	ENST00000231790	p.K196Nfs*6	c.588del
INDEL	chr4	1794029	TG	T	FGFR3	ENST00000440486	p.R34Efs*26	c.99del
SNV	chr6	117308869	T	C	ROS1	ENST00000368508	p.H2165R	c.6494A>G
INDEL	chr9	132897514	GT	G	TSC1	ENST00000298552	p.K907Nfs*24	c.2721del
INDEL	chr10	87957915	CGACGG	C	PTEN	ENST00000371953	p.E235Qfs*6	c.700_704del
SNV	chr11	108294987	G	T	ATM	ENST00000675843	p.G1613*	c.4837G>T
INDEL	chr12	49041156	GC	G	KMT2D	ENST00000301067	p.A2205Pfs*59	c.6613del
SNV	chr12	57107744	C	A	STAT6	ENST00000300134	splice_acceptor_variant	c.117-1G>T
SNV	chr13	32336673	C	A	BRCA2	ENST00000380152	p.P773H	c.2318C>A
INDEL	chr15	90088685	TC	T	IDH2	ENST00000330062	p.T146Lfs*15	c.435del
INDEL	chr17	42218217	TG	T	STAT5B	ENST00000293328	p.Q368Rfs*2	c.1102del
INDEL	chr19	16325845	GC	G	KLF2	ENST00000248071	p.A238Pfs*52	c.711del
SNV	chr19	50409226	C	T	POLD1	ENST00000440232	p.A666V	c.1997C>T
SNV	chr22	29658241	G	A	NF2	ENST00000338641	p.G218S	c.652G>A
INDEL	chr4	54285927	CATCATGCATGAT	C	PDGFRA	ENST00000257290	p.I843_D846del	c.2527_2538del
SNV	chr10	121503847	G	A	FGFR2	ENST00000358487	p.A461V	c.1382C>T
SNV	chr13	32339425	A	C	BRCA2	ENST00000380152	p.K1690N	c.5070A>C
SNV	chr17	31259041	A	C	NF1	ENST00000358273	p.S1448R	c.4342A>C
SNV	chr17	39463014	A	G	CDK12	ENST00000447079	p.R315G	c.943A>G
INDEL	chr22	28695868	AG	A	CHEK2	ENST00000404276	p.T367Mfs*15	c.1100del
SNV	chrX	67545300	G	A	AR	ENST00000374690	p.A52T	c.154G>A
SNV	chr16	3729007	G	C	CREBBP	ENST00000262367	p.P2014A	c.6040C>G
SNV	chr1	156873702	G	A	NTRK1	ENST00000524377	p.G307E	c.920G>A
SNV	chr2	197403716	G	A	SF3B1	ENST00000335508	p.P530S	c.1588C>T
SNV	chr5	1279368	C	T	TERT	ENST00000310581	p.D685N	c.2053G>A
SNV	chr5	1295135	G	A	TERT	ENST00000310581	upstream_gene_variant	c.-146C>T
SNV	chr6	117341477	T	C	ROS1	ENST00000368508	p.R1609G	c.4825A>G
SNV	chr7	140753336	AC	TT	BRAF	ENST00000646891	p.V600K	c.1798_1799delinsAA
SNV	chr12	49046068	C	T	KMT2D	ENST00000301067	p.V1564M	c.4690G>A
SNV	chr12	49054324	A	C	KMT2D	ENST00000301067	p.F165V	c.493T>G
SNV	chr14	95106219	G	A	DICER1	ENST00000343455	p.R937C	c.2809C>T
SNV	chr17	39530972	T	C	CDK12	ENST00000447079	p.S1377P	c.4129T>C
SNV	chr5	112840224	G	T	APC	ENST00000257430	p.E1544*	c.4630G>T
SNV	chr6	44261688	C	T	NFKBIE	ENST00000619360	p.G210E	c.629G>A
SNV	chr14	104780214	C	T	AKT1	ENST00000649815	p.E17K	c.49G>A
SNV	chr17	39723332	ATCA	GTCG	ERBB2	ENST00000269571	p.I654_I655delinsVV	c.1960_1963delinsGTCG
SNV	chr18	51065455	G	A	SMAD4	ENST00000342988	p.E330K	c.988G>A
INDEL	chr1	85270827	AT	A	BCL10	ENST00000648566	p.I46Yfs*24	c.136del
INDEL	chr2	47803500	AC	A	MSH6	ENST00000234420	p.F1088Sfs*2	c.3261del
SNV	chr2	214767531	CA	TG	BARD1	ENST00000260947	p.V507M	c.1518_1519inv
SNV	chr5	236561	G	A	SDHA	ENST00000264932	p.R465Q	c.1394G>A
INDEL	chr6	127148578	TGCCCAGAAAATGTCATTTTTTTATCTGTGATTTAACCTTTGTAATGTCTTTCTACATTTGTCTCCACAGTGCATCCTAACGTTAGTCAAGGCTGCCAAGGAGGCTGTGCAACATGCTCAGATTACAATGGATGTTTGTCATGTAA	T	RSPO3	ENST00000356698	splice_acceptor_variant	c.98-62_180del
INDEL	chr7	2924306	GGGA	G	CARD11	ENST00000396946	p.S622del	c.1864_1866del
INDEL	chr8	127738358	CCAG	C	MYC	ENST00000621592	p.Q52del	c.154_156del
INDEL	chr9	136496492	TGTG	T	NOTCH1	ENST00000651671	p.P2415del	c.7244_7246del
INDEL	chr12	49032040	AGCT	A	KMT2D	ENST00000301067	p.Q4221del	c.12662_12664del
INDEL	chr12	49033881	TTGC	T	KMT2D	ENST00000301067	p.Q3612del	c.10821_10823del
INDEL	chr12	49037507	ATGC	A	KMT2D	ENST00000301067	p.Q3282del	c.9846_9848del
INDEL	chr12	132643512	CCA	C	POLE	ENST00000320574	p.V1446Gfs*3	c.4337_4338del
INDEL	chr16	2170712	CGAG	C	TRAF7	ENST00000326181	p.E115del	c.343_345del
INDEL	chr16	3728301	CGCT	C	CREBBP	ENST00000262367	p.Q2248del	c.6743_6745del
INDEL	chr16	3728399	TTGC	T	CREBBP	ENST00000262367	p.Q2216del	c.6645_6647del
SNV	chr17	61716050	C	T	BRIP1	ENST00000259008	p.R798Q	c.2393G>A
INDEL	chrX	67545316	T	TGCA	AR	ENST00000374690	p.Q80dup	c.237_239dup
INDEL	chrX	67545316	T	TGCAGCA	AR	ENST00000374690	p.Q79_Q80dup	c.234_239dup
INDEL	chrX	67545316	TGCA	T	AR	ENST00000374690	p.Q80del	c.237_239del
INDEL	chrX	67546514	TGGCGGCGGCGGCGGCGGCGGCGGCGGC	T	AR	ENST00000374690	p.G465_G473del	c.1394_1420del
INDEL	chrX	67546514	TGGCGGCGGCGGCGGCGGCGGCGGCGGCGGC	T	AR	ENST00000374690	p.G464_G473del	c.1391_1420del
INDEL	chrX	67546514	TGGCGGCGGCGGCGGCGGCGGCGGCGGCGGCGGC	T	AR	ENST00000374690	p.G463_G473del	c.1388_1420del
INDEL	chrX	67546514	TGGCGGCGGCGGCGGCGGCGGCGGCGGCGGCGGCGGC	T	AR	ENST00000374690	p.G462_G473del	c.1385_1420del
SNV	chr1	120069404	C	T	NOTCH2	ENST00000256646	p.M1?	c.3G>A
SNV	chr1	226071412	C	A	H3-3A	ENST00000366815	p.A115D	c.344C>A
INDEL	chr6	137881213	A	AC	TNFAIP3	ENST00000612899	p.K759Qfs*10	c.2274dup
INDEL	chr16	2087923	TCCCTGCAGTGCAGGAAAGGTAGGGCCGGGTGGGG	T	TSC2	ENST00000219476	splice_donor_variant	c.5068+27_5069-47del
SNV	chr22	28695852	T	C	CHEK2	ENST00000404276	p.K373E	c.1117A>G
SNV	chrX	67545316	T	A	AR	ENST00000374690	p.L57Q	c.170T>A
INDEL	chrX	67545316	T	TGCAGCAGCA	AR	ENST00000374690	p.Q78_Q80dup	c.231_239dup
INDEL	chrX	67546514	TGGC	T	AR	ENST00000374690	p.G473del	c.1418_1420del
INDEL	chrX	67546514	TGGCGGC	T	AR	ENST00000374690	p.G472_G473del	c.1415_1420del
INDEL	chrX	67546514	TGGCGGCGGC	T	AR	ENST00000374690	p.G471_G473del	c.1412_1420del
INDEL	chr1	26773690	CGCA	C	ARID1A	ENST00000324856	p.Q1334del	c.3999_4001del
SNV	chr5	225429	A	G	SDHA	ENST00000264932	p.N108S	c.323A>G
SNV	chr22	28694101	C	A	CHEK2	ENST00000404276	p.K464N	c.1392G>T
INDEL	chrX	67546514	T	TGGC	AR	ENST00000374690	p.G473dup	c.1418_1420dup
INDEL	chr5	256368	CTT	C	SDHA	ENST00000264932	p.L649Efs*4	c.1945_1946del
INDEL	chrX	67545316	T	TGCAGCAGCAGCA	AR	ENST00000374690	p.Q77_Q80dup	c.228_239dup
INDEL	chrX	67545316	T	TGCAGCAGCAGCAGCA	AR	ENST00000374690	p.Q76_Q80dup	c.225_239dup
SNV	chr5	236561	GGG	AGA	SDHA	ENST00000264932	p.R465_A466delinsQT	c.1394_1396delinsAGA
INDEL	chr17	65056349	TCG	T	GNA13	ENST00000439174	p.E82Gfs*19	c.243_244del
INDEL	chrX	67545316	TGCAGCAGCAGCA	T	AR	ENST00000374690	p.Q77_Q80del	c.228_239del
SNV	chr17	7675993	C	A	TP53	ENST00000269305	splice_donor_variant	c.375+1G>T
INDEL	chrX	67545316	T	TGCAGCAGCAGCAGCAGCAGCAGCAGCAGCAGCAGCA	AR	ENST00000374690	p.Q69_Q80dup	c.204_239dup
INDEL	chrX	67545316	T	TGCAGCAGCAGCAGCAGCAGCAGCAGCAGCAGCAGCAGCA	AR	ENST00000374690	p.Q68_Q80dup	c.201_239dup
INDEL	chrX	67545316	T	TGCAGCAGCAGCAGCAGCAGCAGCAGCAGCAGCAGCAGCAGCA	AR	ENST00000374690	p.Q67_Q80dup	c.198_239dup
INDEL	chrX	67545316	T	TGCAGCAGCAGCAGCAGCAGCAGCAGCAGCAGCAGCAGCAGCAGCA	AR	ENST00000374690	p.Q66_Q80dup	c.195_239dup
INDEL	chrX	67545316	T	TGCAGCAGCAGCAGCAGCAGCAGCAGCAGCAGCAGCAGCAGCAGCAGCA	AR	ENST00000374690	p.Q65_Q80dup	c.192_239dup
INDEL	chr1	26697412	TG	T	ARID1A	ENST00000324856	p.A339Lfs*24	c.1015del
SNV	chr1	26774819	A	G	ARID1A	ENST00000324856	p.E1531G	c.4592A>G
SNV	chr1	26775076	G	T	ARID1A	ENST00000324856	p.G1617C	c.4849G>T
INDEL	chr1	26779586	GC	G	ARID1A	ENST00000324856	p.P1898Hfs*25	c.5693del
SNV	chr2	25300140	G	C	DNMT3A	ENST00000321117	p.P59R	c.176C>G
SNV	chr2	214781276	C	T	BARD1	ENST00000260947	p.A200T	c.598G>A
INDEL	chr4	1804453	G	GC	FGFR3	ENST00000440486	p.K403Qfs*93	c.1206dup
SNV	chr5	112837722	C	A	APC	ENST00000257430	p.L710I	c.2128C>A
INDEL	chr5	112841223	GA	G	APC	ENST00000257430	p.K1878Rfs*4	c.5633del
INDEL	chr7	140783126	AG	A	BRAF	ENST00000646891	p.P403Lfs*8	c.1208del
SNV	chr9	84934179	C	T	NTRK2	ENST00000277120	p.R551*	c.1651C>T
SNV	chr11	108316112	A	G	ATM	ENST00000675843	p.Q2066R	c.6197A>G
INDEL	chr12	132632727	CG	C	POLE	ENST00000320574	p.V2025*	c.6072del
INDEL	chr12	132668437	A	AG	POLE	ENST00000320574	p.F699Vfs*11	c.2091dup
INDEL	chr13	32339421	C	CA	BRCA2	ENST00000380152	p.W1692Mfs*3	c.5073dup
SNV	chr15	90087550	C	T	IDH2	ENST00000330062	p.C235Y	c.704G>A
INDEL	chr16	3739589	AG	A	CREBBP	ENST00000262367	p.P1423Lfs*36	c.4268del
SNV	chr16	89752137	C	T	FANCA	ENST00000389301	splice_donor_variant	c.3066+1G>A
INDEL	chr17	42218217	T	TG	STAT5B	ENST00000293328	p.Q368Pfs*9	c.1102dup
INDEL	chr17	43093707	CT	C	BRCA1	ENST00000357654	p.K608Rfs*4	c.1823del
SNV	chr17	61859796	C	T	BRIP1	ENST00000259008	p.G69R	c.205G>A
SNV	chr19	1615792	C	T	TCF3	ENST00000262965	p.A494T	c.1480G>A
SNV	chr19	1619349	GCC	ACT	TCF3	ENST00000262965	p.G431S	c.1291_1293delinsAGT
SNV	chr19	11058822	A	G	SMARCA4	ENST00000344626	p.N1523S	c.4568A>G
INDEL	chr19	42295026	AG	A	CIC	ENST00000575354	p.G1556Afs*64	c.4667del
SNV	chr19	50402228	G	A	POLD1	ENST00000440232	p.G205S	c.613G>A
INDEL	chr22	23791869	TA	T	SMARCB1	ENST00000644036	p.T72Qfs*13	c.214del
INDEL	chrX	67545316	T	TGCAGCAGCAGCAGCAGCAGCAGCAGCAGCAGCAGCAGCAGCAGCAGCAGCAGCAGCA	AR	ENST00000374690	p.Q62_Q80dup	c.183_239dup
INDEL	chrX	67545316	T	TGCAGCAGCAGCAGCAGCAGCAGCAGCAGCAGCAGCAGCAGCAGCAGCAGCAGCAGCAGCA	AR	ENST00000374690	p.Q61_Q80dup	c.180_239dup
INDEL	chrX	67545316	TGCAGCAGCAGCAGCA	T	AR	ENST00000374690	p.Q76_Q80del	c.225_239del
INDEL	chrX	67546517	CGGCGGCGGC	T	AR	ENST00000374690	p.G471_G473del	c.1371_1380delinsT
INDEL	chr19	11035039	TGAG	T	SMARCA4	ENST00000344626	p.E1364del	c.4090_4092del
SNV	chrX	49043216	G	A	TFE3	ENST00000315869	p.A4V	c.11C>T
INDEL	chrX	67546514	TGGCGGCGGCGGCGGCGGCGGCGGCGGCGGCGGCGGCGGCGGC	T	AR	ENST00000374690	p.G460_G473del	c.1379_1420del
SNV	chr1	85267870	C	T	BCL10	ENST00000648566	p.M153I	c.459G>A
INDEL	chrX	67545316	T	TGCTGCAGCAGCA	AR	ENST00000374690	p.L57_Q58insLQQQ	c.172_173insTGCAGCAGCAGC
INDEL	chrX	77523306	CTCT	C	ATRX	ENST00000373344	p.E2265del	c.6792_6794del
SNV	chr15	87940714	C	T	NTRK3	ENST00000394480	p.R542Q	c.1625G>A
SNV	chr17	7673802	C	T	TP53	ENST00000269305	p.R273H	c.818G>A
SNV	chr17	7674268	A	C	TP53	ENST00000269305	p.I232S	c.695T>G
SNV	chr1	226639636	C	T	ITPKB	ENST00000429204	p.R825Q	c.2474G>A
SNV	chr3	37025638	C	A	MLH1	ENST00000231790	p.T347N	c.1040C>A
INDEL	chrX	49030269	AC	A	TFE3	ENST00000315869	p.G539Vfs*209	c.1616del
SNV	chr2	136115101	A	C	CXCR4	ENST00000241393	p.F276C	c.827T>G
SNV	chr5	236504	T	C	SDHA	ENST00000264932	p.V446A	c.1337T>C
INDEL	chr11	108343332	AAATGATTTCAGTGCCTTTCAGTGCCAAAAGAAAATGATGGTGAGTGACACCCAAAATTAAAGGTTATTGTAAGATTATTTAATGGCTTATTAAAGCTGACAGCTGTCAGATATTATAGAATACAAAAAAACTTTAATTTCATCAGGTAATTGTCAAAGATACTAAGTAAAAGAAAAACTCATCAG	A	ATM	ENST00000675843	splice_donor_variant	c.8385_8418+151del
SNV	chr15	88137503	G	A	NTRK3	ENST00000394480	p.Q175*	c.523C>T
SNV	chr1	119919397	G	A	NOTCH2	ENST00000256646	p.A1899V	c.5696C>T
INDEL	chr5	112841737	CA	C	APC	ENST00000257430	p.K2050Rfs*23	c.6149del
SNV	chr6	117344178	G	T	ROS1	ENST00000368508	p.P1469H	c.4406C>A
SNV	chr7	2923200	C	T	CARD11	ENST00000396946	p.V692M	c.2074G>A
INDEL	chr7	2928688	CG	C	CARD11	ENST00000396946	p.R555Gfs*45	c.1663del
SNV	chr9	21971180	G	A	CDKN2A	ENST00000304494	p.A60V	c.179C>T
INDEL	chr9	132910596	TG	T	TSC1	ENST00000298552	p.Q413Rfs*27	c.1237del
SNV	chr9	136496891	C	T	NOTCH1	ENST00000651671	p.S2283N	c.6848G>A
SNV	chr9	136506531	G	A	NOTCH1	ENST00000651671	p.P1337L	c.4010C>T
SNV	chr10	43105190	G	T	RET	ENST00000355710	p.K288N	c.864G>T
SNV	chr12	49024649	C	T	KMT2D	ENST00000301067	p.M5327I	c.15981G>A
INDEL	chr12	68839309	TC	T	MDM2	ENST00000258149	p.L321Ffs*52	c.961del
SNV	chr13	48379624	C	T	RB1	ENST00000267163	p.R455*	c.1363C>T
SNV	chr16	2176119	C	T	TRAF7	ENST00000326181	p.A606V	c.1817C>T
SNV	chr19	50407034	G	A	POLD1	ENST00000440232	p.A516T	c.1546G>A
SNV	chr17	31232079	G	T	NF1	ENST00000358273	p.L1068F	c.3204G>T
SNV	chr6	41684802	G	A	TFEB	ENST00000373033	p.P410S	c.1228C>T
INDEL	chr9	132896600	CGCT	C	TSC1	ENST00000298552	p.S1043del	c.3127_3129del
SNV	chr10	87960922	C	A	PTEN	ENST00000371953	p.T277K	c.830C>A
INDEL	chr12	49051351	ATGGCTCCTCAGGCTGGGGGGACAGGTGTGGCTCCTCAGCCTGCGGAGATAGGTG	A	KMT2D	ENST00000301067	p.H760_P777del	c.2278_2331del
SNV	chr1	2559858	A	T	TNFRSF14	ENST00000355716	p.T114S	c.340A>T
SNV	chr1	26780664	T	G	ARID1A	ENST00000324856	p.S2256A	c.6766T>G
SNV	chr1	38859505	C	T	RRAGC	ENST00000373001	p.A48T	c.142G>A
SNV	chr2	15942851	T	G	MYCN	ENST00000281043	p.S263A	c.787T>G
SNV	chr2	29275411	A	C	ALK	ENST00000389048	p.Y635D	c.1903T>G
SNV	chr3	41225077	T	C	CTNNB1	ENST00000349496	p.V122A	c.365T>C
SNV	chr4	54277895	G	A	PDGFRA	ENST00000257290	splice_acceptor_variant	c.1892-1G>A
SNV	chr4	54699691	A	C	KIT	ENST00000288135	p.E227D	c.681A>C
SNV	chr4	105234361	A	C	TET2	ENST00000380013	p.N140T	c.419A>C
SNV	chr4	105272711	A	G	TET2	ENST00000380013	p.I1444V	c.4330A>G
SNV	chr5	112835010	G	T	APC	ENST00000257430	p.E601D	c.1803G>T
SNV	chr5	112838905	C	A	APC	ENST00000257430	p.S1104*	c.3311C>A
SNV	chr5	112842514	C	T	APC	ENST00000257430	p.S2307L	c.6920C>T
SNV	chr6	41687163	C	A	TFEB	ENST00000373033	p.R245M	c.734G>T
SNV	chr6	117311116	A	C	ROS1	ENST00000368508	p.F2046C	c.6137T>G
SNV	chr6	117317169	A	C	ROS1	ENST00000368508	p.Y2037D	c.6109T>G
SNV	chr6	117321317	C	T	ROS1	ENST00000368508	p.A1907T	c.5719G>A
SNV	chr6	117341232	T	G	ROS1	ENST00000368508	p.K1661T	c.4982A>C
SNV	chr6	117344089	T	C	ROS1	ENST00000368508	p.N1499D	c.4495A>G
SNV	chr6	117344235	T	G	ROS1	ENST00000368508	p.D1450A	c.4349A>C
SNV	chr6	117365081	A	G	ROS1	ENST00000368508	p.S1033P	c.3097T>C
SNV	chr6	117379152	G	A	ROS1	ENST00000368508	p.A835V	c.2504C>T
SNV	chr7	5986877	T	G	PMS2	ENST00000265849	p.K630Q	c.1888A>C
SNV	chr7	55146647	C	A	EGFR	ENST00000275493	p.L156M	c.466C>A
SNV	chr7	55160245	T	G	EGFR	ENST00000275493	p.L469V	c.1405T>G
SNV	chr7	55171191	C	A	EGFR	ENST00000275493	p.L633I	c.1897C>A
SNV	chr7	116699867	C	A	MET	ENST00000397752	p.F261L	c.783C>A
SNV	chr9	8485314	T	G	PTPRD	ENST00000381196	p.K1022N	c.3066A>C
SNV	chr9	8504381	T	C	PTPRD	ENST00000381196	p.T568A	c.1702A>G
SNV	chr9	84934180	G	A	NTRK2	ENST00000277120	p.R551Q	c.1652G>A
SNV	chr9	95449179	A	C	PTCH1	ENST00000331920	p.S1232A	c.3694T>G
SNV	chr9	132900771	C	T	TSC1	ENST00000298552	p.E857K	c.2569G>A
SNV	chr11	108287655	C	T	ATM	ENST00000675843	p.T1350M	c.4049C>T
SNV	chr11	112089011	G	A	SDHD	ENST00000375549	p.W105*	c.314G>A
SNV	chr11	125627721	A	C	CHEK1	ENST00000438015	p.K60N	c.180A>C
SNV	chr12	132632783	G	A	POLE	ENST00000320574	p.A2006V	c.6017C>T
SNV	chr12	132664452	A	G	POLE	ENST00000320574	p.Y827H	c.2479T>C
SNV	chr13	32336327	T	C	BRCA2	ENST00000380152	p.S658P	c.1972T>C
SNV	chr13	32340413	G	A	BRCA2	ENST00000380152	p.E2020K	c.6058G>A
SNV	chr13	32356581	A	G	BRCA2	ENST00000380152	p.Q2530R	c.7589A>G
SNV	chr16	3782923	A	C	CREBBP	ENST00000262367	p.I445S	c.1334T>G
SNV	chr16	23635102	G	T	PALB2	ENST00000261584	p.L482I	c.1444C>A
SNV	chr16	81908448	G	T	PLCG2	ENST00000564138	p.E530D	c.1590G>T
SNV	chr17	7673547	A	C	TP53	ENST00000269305	p.Y327*	c.981T>G
SNV	chr17	7673803	G	A	TP53	ENST00000269305	p.R273C	c.817C>T
SNV	chr17	7674251	A	C	TP53	ENST00000269305	p.C238G	c.712T>G
SNV	chr17	7674894	G	A	TP53	ENST00000269305	p.R213*	c.637C>T
SNV	chr17	7675212	A	G	TP53	ENST00000269305	p.F134L	c.400T>C
SNV	chr17	31232822	T	C	NF1	ENST00000358273	p.V1146A	c.3437T>C
SNV	chr17	31325938	A	G	NF1	ENST00000358273	p.N1652D	c.4954A>G
SNV	chr17	31350209	C	T	NF1	ENST00000358273	p.R2450*	c.7348C>T
SNV	chrX	77683346	T	C	ATRX	ENST00000373344	p.E637G	c.1910A>G
SNV	chr6	117389524	T	C	ROS1	ENST00000368508	p.I529V	c.1585A>G
INDEL	chrX	67545316	T	TGCAGCAGCAGCAGCAGCA	AR	ENST00000374690	p.Q75_Q80dup	c.222_239dup
INDEL	chrX	67545316	T	TGCAGCAGCAGCAGCAGCAGCA	AR	ENST00000374690	p.Q74_Q80dup	c.219_239dup
INDEL	chrX	67545316	T	TGCAGCAGCAGCAGCAGCAGCAGCA	AR	ENST00000374690	p.Q73_Q80dup	c.216_239dup
SNV	chrX	67545954	G	A	AR	ENST00000374690	p.A270T	c.808G>A
INDEL	chr16	23637898	G	GTTCTTGACTCTATAAAACTTTAAAGAAAACGTAT	PALB2	ENST00000261584	p.Q55Ifs*5	c.162_163insATACGTTTTCTTTAAAGTTTTATAGAGTCAAGAA
INDEL	chrX	67546514	T	TGGCGGC	AR	ENST00000374690	p.G472_G473dup	c.1415_1420dup
SNV	chr1	114716126	C	T	NRAS	ENST00000369535	p.G12D	c.35G>A
INDEL	chr19	42287445	A	ACG	CIC	ENST00000575354	p.K194Afs*12	c.579_580insGC
INDEL	chr22	41178374	ACAG	A	EP300	ENST00000263253	p.Q2225del	c.6674_6676del
INDEL	chr4	105275171	CAG	C	TET2	ENST00000380013	p.E1555Vfs*22	c.4664_4665del
SNV	chrX	67545877	C	A	AR	ENST00000374690	p.S244*	c.731C>A
INDEL	chr2	15942191	AC	A	MYCN	ENST00000281043	p.P45Rfs*86	c.134del
SNV	chr2	15942449	G	A	MYCN	ENST00000281043	p.A129T	c.385G>A
SNV	chr5	225954	G	C	SDHA	ENST00000264932	p.Q176H	c.528G>C
INDEL	chr5	112840473	CA	C	APC	ENST00000257430	p.K1628Sfs*22	c.4883del
SNV	chr6	137877250	C	T	TNFAIP3	ENST00000612899	p.A327V	c.980C>T
INDEL	chr9	132900770	T	TC	TSC1	ENST00000298552	p.E857Gfs*47	c.2569dup
SNV	chr12	49027870	T	G	KMT2D	ENST00000301067	p.Q4859P	c.14576A>C
SNV	chr14	67885990	T	C	RAD51B	ENST00000471583	splice_donor_variant	c.572+2T>C
SNV	chr16	2176047	A	G	TRAF7	ENST00000326181	splice_acceptor_variant	c.1747-2A>G
INDEL	chr19	1615487	TG	T	TCF3	ENST00000262965	p.P540Qfs*61	c.1619del
SNV	chr22	28725097	C	T	CHEK2	ENST00000404276	p.A158T	c.472G>A
SNV	chr22	41126041	G	C	EP300	ENST00000263253	splice_donor_variant	c.906+1G>C
SNV	chrX	77698617	C	T	ATRX	ENST00000373344	p.G49D	c.146G>A
INDEL	chr1	38859545	TTCC	T	RRAGC	ENST00000373001	p.E36del	c.99_101del
SNV	chr2	15945775	C	T	MYCN	ENST00000281043	p.P358L	c.1073C>T
INDEL	chr2	47403373	AG	A	MSH2	ENST00000233146	p.V63*	c.187del
SNV	chr3	52404587	C	A	BAP1	ENST00000460680	splice_acceptor_variant	c.1117-1G>T
SNV	chr4	54729443	C	A	KIT	ENST00000288135	p.A700D	c.2099C>A
SNV	chr5	224493	C	A	SDHA	ENST00000264932	p.P95H	c.284C>A
SNV	chr6	117288794	C	A	ROS1	ENST00000368508	p.G2248C	c.6742G>T
INDEL	chr6	127195823	GA	G	RSPO3	ENST00000356698	p.G215Efs*69	c.642del
INDEL	chr7	116763123	TC	T	MET	ENST00000397752	p.L815*	c.2443del
SNV	chr11	108354850	G	T	ATM	ENST00000675843	p.Q2942H	c.8826G>T
SNV	chr16	2079190	C	T	TSC2	ENST00000219476	p.P1042L	c.3125C>T
SNV	chr16	2173292	A	G	TRAF7	ENST00000326181	p.H302R	c.905A>G
SNV	chr16	3778033	C	A	CREBBP	ENST00000262367	p.Q697H	c.2091G>T
INDEL	chr16	3778045	AG	A	CREBBP	ENST00000262367	p.P693Lfs*2	c.2078del
SNV	chr17	39716528	T	C	ERBB2	ENST00000269571	p.Y554H	c.1660T>C
SNV	chr17	42218802	G	A	STAT5B	ENST00000293328	p.P304S	c.910C>T
SNV	chr19	11024382	C	A	SMARCA4	ENST00000344626	p.R1009S	c.3025C>A
SNV	chr22	41131546	C	T	EP300	ENST00000263253	p.P481S	c.1441C>T
SNV	chrX	20138601	C	T	EIF1AX	ENST00000379607	p.R13H	c.38G>A
INDEL	chr2	197421082	C	CTGGCTTCTTCTGATTTCATTTTGAATCTTTGCATATTCTTTCTAATTTTTAAGTTCTAACATTTTGTTTA	SF3B1	ENST00000335508	p.G83*	c.246_247insTAAACAAAATGTTAGAACTTAAAAATTAGAAAGAATATGCAAAGATTCAAAATGAAATCAGAAGAAGCCA
SNV	chr9	132921417	C	A	TSC1	ENST00000298552	p.R228L	c.683G>T
SNV	chr9	132921418	G	A	TSC1	ENST00000298552	p.R228*	c.682C>T
SNV	chr9	132921420	A	T	TSC1	ENST00000298552	p.V227E	c.680T>A
SNV	chr9	132921421	C	A	TSC1	ENST00000298552	p.V227L	c.679G>T
SNV	chr9	132921424	G	A	TSC1	ENST00000298552	p.H226Y	c.676C>T
SNV	chr13	48465001	T	A	RB1	ENST00000267163	p.F739I	c.2215T>A
INDEL	chr17	31349214	A	ACAAGTAAGAATTAATTT	NF1	ENST00000358273	p.F2429Qfs*9	c.7284_7285insCAAGTAAGAATTAATTT
INDEL	chrX	77523366	T	TTGTTTTTG	ATRX	ENST00000373344	p.K2245Nfs*8	c.6734_6735insCAAAAACA
INDEL	chrX	77688880	C	CTAAAGTAAGTATCTTTTT	ATRX	ENST00000373344	p.Q177_V178insKKILTL	c.531_532insAAAAAGATACTTACTTTA
SNV	chr3	179230063	T	G	PIK3CA	ENST00000263967	p.F909C	c.2726T>G
SNV	chr4	54727426	A	G	KIT	ENST00000288135	p.Y553C	c.1658A>G
INDEL	chr14	104775735	TCTC	T	AKT1	ENST00000649815	p.E117del	c.349_351del
